{"count":1,"self":4685.7674751999994,"total":61048.678101,"children":{"InitializeActuators":{"count":4,"self":0.0015147,"total":0.0015147,"children":null},"InitializeSensors":{"count":4,"self":0.0030526,"total":0.0030526,"children":null},"AgentSendState":{"count":25000002,"self":918.8040704,"total":1582.1959954,"children":{"CollectObservations":{"count":20000076,"self":29.886128,"total":29.886127899999998,"children":null},"WriteActionMask":{"count":20000076,"self":12.8587832,"total":12.8587831,"children":null},"RequestDecision":{"count":20000076,"self":34.858528,"total":620.6470317,"children":{"AgentInfo.ToProto":{"count":20000076,"self":54.9092736,"total":585.7885023,"children":{"GenerateSensorData":{"count":20000076,"self":470.47833599999996,"total":530.879228,"children":{"RayPerceptionSensor.Perceive":{"count":20000076,"self":60.400870399999995,"total":60.400872199999995,"children":null}}}}}}}}},"DecideAction":{"count":25000002,"self":48202.8945408,"total":48202.8945224,"children":null},"AgentAct":{"count":25000002,"self":6570.8670975999994,"total":6570.8671656999995,"children":null},"AgentInfo.ToProto":{"count":229912,"self":0.760957,"total":6.9464967999999994,"children":{"GenerateSensorData":{"count":229912,"self":5.5172048,"total":6.1855398,"children":{"RayPerceptionSensor.Perceive":{"count":229912,"self":0.6683349,"total":0.6683349,"children":null}}}}}},"gauges":{"SoccerTwos.CumulativeReward":{"count":229912,"max":18.2821941,"min":-358.224274,"runningAverage":-4.22971439,"value":-14.1738091,"weightedAverage":-5.95339}},"metadata":{"timer_format_version":"0.1.0","start_time_seconds":"1736640535","unity_version":"2022.3.46f1","command_line_arguments":"C:\\Users\\karol\\OneDrive\\um\\builds\\4096run\\UnityEnvironment.exe -nographics -batchmode --mlagents-port 5005 -logFile C:\\Users\\karol\\OneDrive\\um\\2-1\\ml-agents-unity\\config\\poca\\results\\trail4096\\run_logs\\Player-0.log","communication_protocol_version":"1.5.0","com.unity.ml-agents_version":"3.0.0-exp.1","scene_name":"SoccerTwosTraining","end_time_seconds":"1736701583"}}