{"count":1,"self":4133.517312,"total":54480.500125599996,"children":{"InitializeActuators":{"count":4,"self":0.0025456,"total":0.0025456,"children":null},"InitializeSensors":{"count":4,"self":0.0050926,"total":0.0050926,"children":null},"AgentSendState":{"count":25000102,"self":843.486464,"total":1439.1065919999999,"children":{"CollectObservations":{"count":20000168,"self":27.9488384,"total":27.9488399,"children":null},"WriteActionMask":{"count":20000168,"self":11.714927999999999,"total":11.7149276,"children":null},"RequestDecision":{"count":20000168,"self":30.7853952,"total":555.95635129999994,"children":{"AgentInfo.ToProto":{"count":20000168,"self":52.216147199999995,"total":525.17095599999993,"children":{"GenerateSensorData":{"count":20000168,"self":417.29157119999996,"total":472.95481029999996,"children":{"RayPerceptionSensor.Perceive":{"count":20000168,"self":55.663244799999994,"total":55.6632478,"children":null}}}}}}}}},"DecideAction":{"count":25000102,"self":42768.1775616,"total":42768.176673999995,"children":null},"AgentAct":{"count":25000102,"self":6132.3644927999994,"total":6132.364536,"children":null},"AgentInfo.ToProto":{"count":268124,"self":0.691766,"total":7.3254136999999995,"children":{"GenerateSensorData":{"count":268124,"self":5.8782248,"total":6.6336477,"children":{"RayPerceptionSensor.Perceive":{"count":268124,"self":0.7554228,"total":0.7554228,"children":null}}}}}},"gauges":{"SoccerTwos.CumulativeReward":{"count":268124,"max":18.1376171,"min":-431.3667,"runningAverage":-3.63345265,"value":0.3982,"weightedAverage":-1.83269048}},"metadata":{"timer_format_version":"0.1.0","start_time_seconds":"1736551857","unity_version":"2022.3.46f1","command_line_arguments":"C:\\Users\\karol\\OneDrive\\um\\builds\\1024run\\UnityEnvironment.exe -nographics -batchmode --mlagents-port 5005 -logFile C:\\Users\\karol\\OneDrive\\um\\2-1\\ml-agents-unity\\config\\poca\\results\\trail1024\\run_logs\\Player-0.log","communication_protocol_version":"1.5.0","com.unity.ml-agents_version":"3.0.0-exp.1","scene_name":"SoccerTwosTraining","end_time_seconds":"1736606337"}}